Plant,Material ID,Period,Cost,Date
PLANT-01,MAT-1001,2026-01,144.67,2026-01
PLANT-01,MAT-1001,2026-02,146.78,2026-02
PLANT-01,MAT-1001,2026-03,146.69,2026-03
PLANT-01,MAT-1001,2026-04,150.3,2026-04
PLANT-01,MAT-1001,2026-05,148.69,2026-05
PLANT-01,MAT-1001,2026-06,153.84,2026-06
PLANT-01,MAT-1001,2026-07,150.66,2026-07
PLANT-01,MAT-1001,2026-08,157.42,2026-08
PLANT-01,MAT-1001,2026-09,152.6,2026-09
PLANT-01,MAT-1001,2026-10,161.02,2026-10
PLANT-01,MAT-1001,2026-11,154.51,2026-11
PLANT-01,MAT-1001,2026-12,159.85,2026-12
PLANT-01,MAT-2004,2026-01,172.73,2026-01
PLANT-01,MAT-2004,2026-02,174.98,2026-02
PLANT-01,MAT-2004,2026-03,174.61,2026-03
PLANT-01,MAT-2004,2026-04,178.64,2026-04
PLANT-01,MAT-2004,2026-05,176.47,2026-05
PLANT-01,MAT-2004,2026-06,182.32,2026-06
PLANT-01,MAT-2004,2026-07,178.29,2026-07
PLANT-01,MAT-2004,2026-08,186.04,2026-08
PLANT-01,MAT-2004,2026-09,180.09,2026-09
PLANT-01,MAT-2004,2026-10,189.78,2026-10
PLANT-01,MAT-2004,2026-11,181.87,2026-11
PLANT-01,MAT-2004,2026-12,187.91,2026-12
PLANT-01,MAT-3098,2026-01,107.87,2026-01
PLANT-01,MAT-3098,2026-02,109.8,2026-02
PLANT-01,MAT-3098,2026-03,110.08,2026-03
PLANT-01,MAT-3098,2026-04,113.13,2026-04
PLANT-01,MAT-3098,2026-05,112.26,2026-05
PLANT-01,MAT-3098,2026-06,116.49,2026-06
PLANT-01,MAT-3098,2026-07,114.41,2026-07
PLANT-01,MAT-3098,2026-08,119.88,2026-08
PLANT-01,MAT-3098,2026-09,116.53,2026-09
PLANT-01,MAT-3098,2026-10,123.3,2026-10
PLANT-01,MAT-3098,2026-11,118.63,2026-11
PLANT-01,MAT-3098,2026-12,123.05,2026-12
PLANT-01,MAT-4120,2026-01,227.7,2026-01
PLANT-01,MAT-4120,2026-02,230.23,2026-02
PLANT-01,MAT-4120,2026-03,229.31,2026-03
PLANT-01,MAT-4120,2026-04,234.16,2026-04
PLANT-01,MAT-4120,2026-05,230.89,2026-05
PLANT-01,MAT-4120,2026-06,238.12,2026-06
PLANT-01,MAT-4120,2026-07,232.44,2026-07
PLANT-01,MAT-4120,2026-08,242.11,2026-08
PLANT-01,MAT-4120,2026-09,233.97,2026-09
PLANT-01,MAT-4120,2026-10,246.12,2026-10
PLANT-01,MAT-4120,2026-11,235.46,2026-11
PLANT-01,MAT-4120,2026-12,242.88,2026-12
PLANT-01,MAT-5185,2026-01,57.27,2026-01
PLANT-01,MAT-5185,2026-02,58.94,2026-02
PLANT-01,MAT-5185,2026-03,59.73,2026-03
PLANT-01,MAT-5185,2026-04,62.02,2026-04
PLANT-01,MAT-5185,2026-05,62.16,2026-05
PLANT-01,MAT-5185,2026-06,65.13,2026-06
PLANT-01,MAT-5185,2026-07,64.57,2026-07
PLANT-01,MAT-5185,2026-08,68.27,2026-08
PLANT-01,MAT-5185,2026-09,66.94,2026-09
PLANT-01,MAT-5185,2026-10,71.43,2026-10
PLANT-01,MAT-5185,2026-11,69.29,2026-11
PLANT-01,MAT-5185,2026-12,72.45,2026-12
PLANT-02,MAT-1001,2026-01,149.96,2026-01
PLANT-02,MAT-1001,2026-02,152.1,2026-02
PLANT-02,MAT-1001,2026-03,151.96,2026-03
PLANT-02,MAT-1001,2026-04,155.64,2026-04
PLANT-02,MAT-1001,2026-05,153.93,2026-05
PLANT-02,MAT-1001,2026-06,159.21,2026-06
PLANT-02,MAT-1001,2026-07,155.87,2026-07
PLANT-02,MAT-1001,2026-08,162.81,2026-08
PLANT-02,MAT-1001,2026-09,157.78,2026-09
PLANT-02,MAT-1001,2026-10,166.44,2026-10
PLANT-02,MAT-1001,2026-11,159.67,2026-11
PLANT-02,MAT-1001,2026-12,165.14,2026-12
PLANT-02,MAT-2004,2026-01,178.02,2026-01
PLANT-02,MAT-2004,2026-02,180.3,2026-02
PLANT-02,MAT-2004,2026-03,179.88,2026-03
PLANT-02,MAT-2004,2026-04,183.98,2026-04
PLANT-02,MAT-2004,2026-05,181.7,2026-05
PLANT-02,MAT-2004,2026-06,187.69,2026-06
PLANT-02,MAT-2004,2026-07,183.51,2026-07
PLANT-02,MAT-2004,2026-08,191.43,2026-08
PLANT-02,MAT-2004,2026-09,185.28,2026-09
PLANT-02,MAT-2004,2026-10,195.2,2026-10
PLANT-02,MAT-2004,2026-11,187.02,2026-11
PLANT-02,MAT-2004,2026-12,193.2,2026-12
PLANT-02,MAT-3098,2026-01,113.16,2026-01
PLANT-02,MAT-3098,2026-02,115.11,2026-02
PLANT-02,MAT-3098,2026-03,115.34,2026-03
PLANT-02,MAT-3098,2026-04,118.47,2026-04
PLANT-02,MAT-3098,2026-05,117.49,2026-05
PLANT-02,MAT-3098,2026-06,121.86,2026-06
PLANT-02,MAT-3098,2026-07,119.62,2026-07
PLANT-02,MAT-3098,2026-08,125.28,2026-08
PLANT-02,MAT-3098,2026-09,121.72,2026-09
PLANT-02,MAT-3098,2026-10,128.72,2026-10
PLANT-02,MAT-3098,2026-11,123.79,2026-11
PLANT-02,MAT-3098,2026-12,128.34,2026-12
PLANT-02,MAT-4120,2026-01,232.99,2026-01
PLANT-02,MAT-4120,2026-02,235.54,2026-02
PLANT-02,MAT-4120,2026-03,234.57,2026-03
PLANT-02,MAT-4120,2026-04,239.5,2026-04
PLANT-02,MAT-4120,2026-05,236.12,2026-05
PLANT-02,MAT-4120,2026-06,243.49,2026-06
PLANT-02,MAT-4120,2026-07,237.65,2026-07
PLANT-02,MAT-4120,2026-08,247.5,2026-08
PLANT-02,MAT-4120,2026-09,239.15,2026-09
PLANT-02,MAT-4120,2026-10,251.55,2026-10
PLANT-02,MAT-4120,2026-11,240.62,2026-11
PLANT-02,MAT-4120,2026-12,248.17,2026-12
PLANT-02,MAT-5185,2026-01,62.56,2026-01
PLANT-02,MAT-5185,2026-02,64.26,2026-02
PLANT-02,MAT-5185,2026-03,64.99,2026-03
PLANT-02,MAT-5185,2026-04,67.37,2026-04
PLANT-02,MAT-5185,2026-05,67.4,2026-05
PLANT-02,MAT-5185,2026-06,70.5,2026-06
PLANT-02,MAT-5185,2026-07,69.78,2026-07
PLANT-02,MAT-5185,2026-08,73.66,2026-08
PLANT-02,MAT-5185,2026-09,72.13,2026-09
PLANT-02,MAT-5185,2026-10,76.85,2026-10
PLANT-02,MAT-5185,2026-11,74.45,2026-11
PLANT-02,MAT-5185,2026-12,77.74,2026-12
PLANT-03,MAT-1001,2026-01,155.25,2026-01
PLANT-03,MAT-1001,2026-02,157.41,2026-02
PLANT-03,MAT-1001,2026-03,157.22,2026-03
PLANT-03,MAT-1001,2026-04,160.98,2026-04
PLANT-03,MAT-1001,2026-05,159.16,2026-05
PLANT-03,MAT-1001,2026-06,164.58,2026-06
PLANT-03,MAT-1001,2026-07,161.08,2026-07
PLANT-03,MAT-1001,2026-08,168.21,2026-08
PLANT-03,MAT-1001,2026-09,162.96,2026-09
PLANT-03,MAT-1001,2026-10,171.86,2026-10
PLANT-03,MAT-1001,2026-11,164.82,2026-11
PLANT-03,MAT-1001,2026-12,170.43,2026-12
PLANT-03,MAT-2004,2026-01,183.31,2026-01
PLANT-03,MAT-2004,2026-02,185.61,2026-02
PLANT-03,MAT-2004,2026-03,185.14,2026-03
PLANT-03,MAT-2004,2026-04,189.32,2026-04
PLANT-03,MAT-2004,2026-05,186.94,2026-05
PLANT-03,MAT-2004,2026-06,193.06,2026-06
PLANT-03,MAT-2004,2026-07,188.72,2026-07
PLANT-03,MAT-2004,2026-08,196.83,2026-08
PLANT-03,MAT-2004,2026-09,190.46,2026-09
PLANT-03,MAT-2004,2026-10,200.62,2026-10
PLANT-03,MAT-2004,2026-11,192.18,2026-11
PLANT-03,MAT-2004,2026-12,198.49,2026-12
PLANT-03,MAT-3098,2026-01,118.45,2026-01
PLANT-03,MAT-3098,2026-02,120.43,2026-02
PLANT-03,MAT-3098,2026-03,120.6,2026-03
PLANT-03,MAT-3098,2026-04,123.82,2026-04
PLANT-03,MAT-3098,2026-05,122.73,2026-05
PLANT-03,MAT-3098,2026-06,127.23,2026-06
PLANT-03,MAT-3098,2026-07,124.83,2026-07
PLANT-03,MAT-3098,2026-08,130.67,2026-08
PLANT-03,MAT-3098,2026-09,126.9,2026-09
PLANT-03,MAT-3098,2026-10,134.14,2026-10
PLANT-03,MAT-3098,2026-11,128.94,2026-11
PLANT-03,MAT-3098,2026-12,133.63,2026-12
PLANT-03,MAT-4120,2026-01,238.28,2026-01
PLANT-03,MAT-4120,2026-02,240.86,2026-02
PLANT-03,MAT-4120,2026-03,239.83,2026-03
PLANT-03,MAT-4120,2026-04,244.84,2026-04
PLANT-03,MAT-4120,2026-05,241.36,2026-05
PLANT-03,MAT-4120,2026-06,248.86,2026-06
PLANT-03,MAT-4120,2026-07,242.86,2026-07
PLANT-03,MAT-4120,2026-08,252.9,2026-08
PLANT-03,MAT-4120,2026-09,244.33,2026-09
PLANT-03,MAT-4120,2026-10,256.97,2026-10
PLANT-03,MAT-4120,2026-11,245.78,2026-11
PLANT-03,MAT-4120,2026-12,253.46,2026-12
PLANT-03,MAT-5185,2026-01,67.85,2026-01
PLANT-03,MAT-5185,2026-02,69.58,2026-02
PLANT-03,MAT-5185,2026-03,70.26,2026-03
PLANT-03,MAT-5185,2026-04,72.71,2026-04
PLANT-03,MAT-5185,2026-05,72.64,2026-05
PLANT-03,MAT-5185,2026-06,75.87,2026-06
PLANT-03,MAT-5185,2026-07,74.99,2026-07
PLANT-03,MAT-5185,2026-08,79.06,2026-08
PLANT-03,MAT-5185,2026-09,77.31,2026-09
PLANT-03,MAT-5185,2026-10,82.28,2026-10
PLANT-03,MAT-5185,2026-11,79.61,2026-11
PLANT-03,MAT-5185,2026-12,83.03,2026-12
PLANT-04,MAT-1001,2026-01,160.54,2026-01
PLANT-04,MAT-1001,2026-02,162.73,2026-02
PLANT-04,MAT-1001,2026-03,162.48,2026-03
PLANT-04,MAT-1001,2026-04,166.33,2026-04
PLANT-04,MAT-1001,2026-05,164.4,2026-05
PLANT-04,MAT-1001,2026-06,169.95,2026-06
PLANT-04,MAT-1001,2026-07,166.29,2026-07
PLANT-04,MAT-1001,2026-08,173.6,2026-08
PLANT-04,MAT-1001,2026-09,168.15,2026-09
PLANT-04,MAT-1001,2026-10,177.28,2026-10
PLANT-04,MAT-1001,2026-11,169.98,2026-11
PLANT-04,MAT-1001,2026-12,175.72,2026-12
PLANT-04,MAT-2004,2026-01,188.6,2026-01
PLANT-04,MAT-2004,2026-02,190.93,2026-02
PLANT-04,MAT-2004,2026-03,190.4,2026-03
PLANT-04,MAT-2004,2026-04,194.67,2026-04
PLANT-04,MAT-2004,2026-05,192.18,2026-05
PLANT-04,MAT-2004,2026-06,198.43,2026-06
PLANT-04,MAT-2004,2026-07,193.93,2026-07
PLANT-04,MAT-2004,2026-08,202.23,2026-08
PLANT-04,MAT-2004,2026-09,195.65,2026-09
PLANT-04,MAT-2004,2026-10,206.05,2026-10
PLANT-04,MAT-2004,2026-11,197.34,2026-11
PLANT-04,MAT-2004,2026-12,203.78,2026-12
PLANT-04,MAT-3098,2026-01,123.74,2026-01
PLANT-04,MAT-3098,2026-02,125.75,2026-02
PLANT-04,MAT-3098,2026-03,125.87,2026-03
PLANT-04,MAT-3098,2026-04,129.16,2026-04
PLANT-04,MAT-3098,2026-05,127.97,2026-05
PLANT-04,MAT-3098,2026-06,132.6,2026-06
PLANT-04,MAT-3098,2026-07,130.04,2026-07
PLANT-04,MAT-3098,2026-08,136.07,2026-08
PLANT-04,MAT-3098,2026-09,132.08,2026-09
PLANT-04,MAT-3098,2026-10,139.56,2026-10
PLANT-04,MAT-3098,2026-11,134.1,2026-11
PLANT-04,MAT-3098,2026-12,138.92,2026-12
PLANT-04,MAT-4120,2026-01,243.57,2026-01
PLANT-04,MAT-4120,2026-02,246.17,2026-02
PLANT-04,MAT-4120,2026-03,245.1,2026-03
PLANT-04,MAT-4120,2026-04,250.19,2026-04
PLANT-04,MAT-4120,2026-05,246.6,2026-05
PLANT-04,MAT-4120,2026-06,254.23,2026-06
PLANT-04,MAT-4120,2026-07,248.07,2026-07
PLANT-04,MAT-4120,2026-08,258.29,2026-08
PLANT-04,MAT-4120,2026-09,249.52,2026-09
PLANT-04,MAT-4120,2026-10,262.39,2026-10
PLANT-04,MAT-4120,2026-11,250.94,2026-11
PLANT-04,MAT-4120,2026-12,258.75,2026-12
PLANT-04,MAT-5185,2026-01,73.14,2026-01
PLANT-04,MAT-5185,2026-02,74.89,2026-02
PLANT-04,MAT-5185,2026-03,75.52,2026-03
PLANT-04,MAT-5185,2026-04,78.05,2026-04
PLANT-04,MAT-5185,2026-05,77.87,2026-05
PLANT-04,MAT-5185,2026-06,81.24,2026-06
PLANT-04,MAT-5185,2026-07,80.2,2026-07
PLANT-04,MAT-5185,2026-08,84.46,2026-08
PLANT-04,MAT-5185,2026-09,82.5,2026-09
PLANT-04,MAT-5185,2026-10,87.7,2026-10
PLANT-04,MAT-5185,2026-11,84.77,2026-11
PLANT-04,MAT-5185,2026-12,88.32,2026-12
PLANT-05,MAT-1001,2026-01,165.83,2026-01
PLANT-05,MAT-1001,2026-02,168.05,2026-02
PLANT-05,MAT-1001,2026-03,167.75,2026-03
PLANT-05,MAT-1001,2026-04,171.67,2026-04
PLANT-05,MAT-1001,2026-05,169.64,2026-05
PLANT-05,MAT-1001,2026-06,175.32,2026-06
PLANT-05,MAT-1001,2026-07,171.5,2026-07
PLANT-05,MAT-1001,2026-08,179.0,2026-08
PLANT-05,MAT-1001,2026-09,173.33,2026-09
PLANT-05,MAT-1001,2026-10,182.71,2026-10
PLANT-05,MAT-1001,2026-11,175.14,2026-11
PLANT-05,MAT-1001,2026-12,181.01,2026-12
PLANT-05,MAT-2004,2026-01,193.89,2026-01
PLANT-05,MAT-2004,2026-02,196.25,2026-02
PLANT-05,MAT-2004,2026-03,195.67,2026-03
PLANT-05,MAT-2004,2026-04,200.01,2026-04
PLANT-05,MAT-2004,2026-05,197.42,2026-05
PLANT-05,MAT-2004,2026-06,203.8,2026-06
PLANT-05,MAT-2004,2026-07,199.14,2026-07
PLANT-05,MAT-2004,2026-08,207.62,2026-08
PLANT-05,MAT-2004,2026-09,200.83,2026-09
PLANT-05,MAT-2004,2026-10,211.47,2026-10
PLANT-05,MAT-2004,2026-11,202.5,2026-11
PLANT-05,MAT-2004,2026-12,209.07,2026-12
PLANT-05,MAT-3098,2026-01,129.03,2026-01
PLANT-05,MAT-3098,2026-02,131.06,2026-02
PLANT-05,MAT-3098,2026-03,131.13,2026-03
PLANT-05,MAT-3098,2026-04,134.5,2026-04
PLANT-05,MAT-3098,2026-05,133.2,2026-05
PLANT-05,MAT-3098,2026-06,137.97,2026-06
PLANT-05,MAT-3098,2026-07,135.25,2026-07
PLANT-05,MAT-3098,2026-08,141.46,2026-08
PLANT-05,MAT-3098,2026-09,137.27,2026-09
PLANT-05,MAT-3098,2026-10,144.99,2026-10
PLANT-05,MAT-3098,2026-11,139.26,2026-11
PLANT-05,MAT-3098,2026-12,144.21,2026-12
PLANT-05,MAT-4120,2026-01,248.86,2026-01
PLANT-05,MAT-4120,2026-02,251.49,2026-02
PLANT-05,MAT-4120,2026-03,250.36,2026-03
PLANT-05,MAT-4120,2026-04,255.53,2026-04
PLANT-05,MAT-4120,2026-05,251.84,2026-05
PLANT-05,MAT-4120,2026-06,259.6,2026-06
PLANT-05,MAT-4120,2026-07,253.28,2026-07
PLANT-05,MAT-4120,2026-08,263.69,2026-08
PLANT-05,MAT-4120,2026-09,254.7,2026-09
PLANT-05,MAT-4120,2026-10,267.81,2026-10
PLANT-05,MAT-4120,2026-11,256.09,2026-11
PLANT-05,MAT-4120,2026-12,264.04,2026-12
PLANT-05,MAT-5185,2026-01,78.43,2026-01
PLANT-05,MAT-5185,2026-02,80.21,2026-02
PLANT-05,MAT-5185,2026-03,80.78,2026-03
PLANT-05,MAT-5185,2026-04,83.4,2026-04
PLANT-05,MAT-5185,2026-05,83.11,2026-05
PLANT-05,MAT-5185,2026-06,86.61,2026-06
PLANT-05,MAT-5185,2026-07,85.41,2026-07
PLANT-05,MAT-5185,2026-08,89.85,2026-08
PLANT-05,MAT-5185,2026-09,87.68,2026-09
PLANT-05,MAT-5185,2026-10,93.12,2026-10
PLANT-05,MAT-5185,2026-11,89.92,2026-11
PLANT-05,MAT-5185,2026-12,93.61,2026-12
PLANT-06,MAT-1001,2026-01,171.12,2026-01
PLANT-06,MAT-1001,2026-02,173.36,2026-02
PLANT-06,MAT-1001,2026-03,173.01,2026-03
PLANT-06,MAT-1001,2026-04,177.01,2026-04
PLANT-06,MAT-1001,2026-05,174.87,2026-05
PLANT-06,MAT-1001,2026-06,180.69,2026-06
PLANT-06,MAT-1001,2026-07,176.71,2026-07
PLANT-06,MAT-1001,2026-08,184.4,2026-08
PLANT-06,MAT-1001,2026-09,178.52,2026-09
PLANT-06,MAT-1001,2026-10,188.13,2026-10
PLANT-06,MAT-1001,2026-11,180.3,2026-11
PLANT-06,MAT-1001,2026-12,186.3,2026-12
PLANT-06,MAT-2004,2026-01,199.18,2026-01
PLANT-06,MAT-2004,2026-02,201.56,2026-02
PLANT-06,MAT-2004,2026-03,200.93,2026-03
PLANT-06,MAT-2004,2026-04,205.35,2026-04
PLANT-06,MAT-2004,2026-05,202.65,2026-05
PLANT-06,MAT-2004,2026-06,209.17,2026-06
PLANT-06,MAT-2004,2026-07,204.35,2026-07
PLANT-06,MAT-2004,2026-08,213.02,2026-08
PLANT-06,MAT-2004,2026-09,206.02,2026-09
PLANT-06,MAT-2004,2026-10,216.89,2026-10
PLANT-06,MAT-2004,2026-11,207.66,2026-11
PLANT-06,MAT-2004,2026-12,214.36,2026-12
PLANT-06,MAT-3098,2026-01,134.32,2026-01
PLANT-06,MAT-3098,2026-02,136.38,2026-02
PLANT-06,MAT-3098,2026-03,136.39,2026-03
PLANT-06,MAT-3098,2026-04,139.84,2026-04
PLANT-06,MAT-3098,2026-05,138.44,2026-05
PLANT-06,MAT-3098,2026-06,143.34,2026-06
PLANT-06,MAT-3098,2026-07,140.46,2026-07
PLANT-06,MAT-3098,2026-08,146.86,2026-08
PLANT-06,MAT-3098,2026-09,142.45,2026-09
PLANT-06,MAT-3098,2026-10,150.41,2026-10
PLANT-06,MAT-3098,2026-11,144.42,2026-11
PLANT-06,MAT-3098,2026-12,149.5,2026-12
PLANT-06,MAT-4120,2026-01,254.15,2026-01
PLANT-06,MAT-4120,2026-02,256.81,2026-02
PLANT-06,MAT-4120,2026-03,255.63,2026-03
PLANT-06,MAT-4120,2026-04,260.87,2026-04
PLANT-06,MAT-4120,2026-05,257.07,2026-05
PLANT-06,MAT-4120,2026-06,264.97,2026-06
PLANT-06,MAT-4120,2026-07,258.49,2026-07
PLANT-06,MAT-4120,2026-08,269.09,2026-08
PLANT-06,MAT-4120,2026-09,259.89,2026-09
PLANT-06,MAT-4120,2026-10,273.23,2026-10
PLANT-06,MAT-4120,2026-11,261.25,2026-11
PLANT-06,MAT-4120,2026-12,269.33,2026-12
PLANT-06,MAT-5185,2026-01,83.72,2026-01
PLANT-06,MAT-5185,2026-02,85.53,2026-02
PLANT-06,MAT-5185,2026-03,86.05,2026-03
PLANT-06,MAT-5185,2026-04,88.74,2026-04
PLANT-06,MAT-5185,2026-05,88.35,2026-05
PLANT-06,MAT-5185,2026-06,91.98,2026-06
PLANT-06,MAT-5185,2026-07,90.62,2026-07
PLANT-06,MAT-5185,2026-08,95.25,2026-08
PLANT-06,MAT-5185,2026-09,92.86,2026-09
PLANT-06,MAT-5185,2026-10,98.54,2026-10
PLANT-06,MAT-5185,2026-11,95.08,2026-11
PLANT-06,MAT-5185,2026-12,98.9,2026-12
